{
    "src/addons/XP/VB/addon.json": "34cf193029c4dc1bb339acd70d2b72cdaebadde866cc4e99b57e8dc803dae116",
    "src/addons/XP/VB/Attachment/Request.php": "c7139393e692025c9dbcee694234876c68c86958cfd05c5898b4bdd2501aea1b",
    "src/addons/XP/VB/ControllerPlugin/RequestList.php": "552a5978a009fff124480d515b0deaf2fc485c8d2e23d7fa7c9236d9570600b2",
    "src/addons/XP/VB/Entity/Request.php": "a1a9720cb32cffb78a5246426b6e2756532bf165104d4b4f45755037a67ac8ba",
    "src/addons/XP/VB/Finder/Request.php": "d5d86750bb5dcecc98f9fb1c02bb4e4c3d4b990451eccb324e2212c9b82063e9",
    "src/addons/XP/VB/icon.png": "90dac8d89babf2995e54b19a63758e540cb13594214192f98bd904fb235d38b4",
    "src/addons/XP/VB/Job/VerificationbadgeRequestEmbedMetadata.php": "efede07f84feff2ecf744aa0b56eed8d71727ffc70b0e3885404155e8c5c3c54",
    "src/addons/XP/VB/Listener.php": "6aee277d253c7696af9728b97d867ce1f8006d6c49cdd75beb5062d929a184f2",
    "src/addons/XP/VB/Pub/Controller/AbstractController.php": "63706ad3a4d0e1739bd002f21a157e3acd2e5863367a22c05582be5a2e9e94a9",
    "src/addons/XP/VB/Pub/Controller/Request.php": "a8e28905d67545357e6303aed98aa84f504ca10c316768e32a20d1978410068f",
    "src/addons/XP/VB/Pub/Controller/User.php": "3c4d15b290f6a699ebb2ae614d6190776489da6d6de553dc6af0619b6b8234f2",
    "src/addons/XP/VB/Pub/Controller/Verified.php": "9f80cda07c70bd30c7b6263a50d07d3a0b6fa8eabb7cbf492be4d73c6372da5f",
    "src/addons/XP/VB/Repository/Request.php": "1c1a18c852fe3a29321544ec3e2089b58239532f7422480dc10fc5d93dee1520",
    "src/addons/XP/VB/Service/Request/Approve.php": "d71a3518d44ed2e0b9058eeab1ced1a33120b2df6c699c5b185b5450a9a4f6fe",
    "src/addons/XP/VB/Service/Request/Close.php": "31e78531a37737373bc34f864fde021b805d63c729421c08e91c19f6a2372cf4",
    "src/addons/XP/VB/Service/Request/Create.php": "9455f1d510d9fbc85b2a7085fa2e491a7f460385da064d3d257f4620d8e008df",
    "src/addons/XP/VB/Service/Request/Edit.php": "a066a4acd0607dd228af6edf139275763fd6097372286aaeefe95d065808ece4",
    "src/addons/XP/VB/Service/Request/Preparer.php": "6b3fc3cb4cad44d3bf2d8bc25eaf80aaafe4a5d91bd761844d93e932645b372d",
    "src/addons/XP/VB/Service/Request/Reject.php": "aadd302a48a35cf719d4a91ed1eb9c794a94b146a3bfd88eb77cfe86c6c677f6",
    "src/addons/XP/VB/Setup.php": "6355fcd851eccfad0c86a4f1635ff45e7b350a0918c568b0cd12bba1b8eedf0d",
    "src/addons/XP/VB/Template/Callback/Copyright.php": "5f8773ffba13bcddeaf75ad6381d7e7143e3b3db6d084c51c3cba5aad62ba460",
    "src/addons/XP/VB/XF/Admin/Controller/User.php": "ce38f492933a75cdeceb838e0e807be87967cae383eb0724130f38020546eb16",
    "src/addons/XP/VB/XF/Entity/User.php": "b9be99fca828790b5cd0597c4b4e7a2d52b870c343708c330d82aac07299f259",
    "src/addons/XP/VB/XF/Pub/Controller/Member.php": "8a81d5f0edd8301825cb9e744849c272db32881f3f53adadbf53dbe18c01bb18",
    "src/addons/XP/VB/XF/Template/Templater.php": "9642070826ea72b73d78e1ae133418058c5552c379bf7f9567401e41a535c964",
    "src/addons/XP/VB/_data/activity_summary_definitions.xml": "99d8c2563a31320d66f958fc8bda78613545f5f7959bb3cf5318805e3a3c39d2",
    "src/addons/XP/VB/_data/admin_navigation.xml": "064ec797484ac00d5ee37367b50b06846d11f480d00550997712707f8fdac8c0",
    "src/addons/XP/VB/_data/admin_permission.xml": "ec6fb97cebf0bceb24f1ed1d5778c1db54eeb7535fbb3e31d824840e7aa9ff87",
    "src/addons/XP/VB/_data/advertising_positions.xml": "d2f7cbe844bb1df3cf878d22ff6306249245c8ff6b0b87b9b729744bec538261",
    "src/addons/XP/VB/_data/api_scopes.xml": "6793eaf758f140e8137187ba20e65f4faccf53410433ae3ad7a8b3b38cb6b3b7",
    "src/addons/XP/VB/_data/bb_codes.xml": "faa4ddd5f4a365e5ac39aebdcbe2d25aedf74e7eb9ea4a812766e2fd5e13bdb1",
    "src/addons/XP/VB/_data/bb_code_media_sites.xml": "29762987990187b33e43cfb68c08dc917b2d3f0176613d78f8e6c453f82da3f3",
    "src/addons/XP/VB/_data/class_extensions.xml": "d24ab0c3a6077d9d3b98b8177e7c0a2c3e0543dac629fda116dd0d6c41b72666",
    "src/addons/XP/VB/_data/code_events.xml": "8370dec3df47f91df4cf79da253446ad11b29f4ea568fe76c774e97a0379f0eb",
    "src/addons/XP/VB/_data/code_event_listeners.xml": "3544f9193cac434af564e6d7f0bc1e3a1c7dc0833a02f9056ed3ee54c6ad0bbd",
    "src/addons/XP/VB/_data/content_type_fields.xml": "e0ae24f042504d55b1390e8ca80cc3269d47214854ecbcca45718c08e653eb97",
    "src/addons/XP/VB/_data/cron.xml": "323c4284742ef24329cd6db6f288eb9736d2353f36852e1db12591e1583aea26",
    "src/addons/XP/VB/_data/help_pages.xml": "a8a0c0b06cdc550438bc8a8d385af3e1e5ab3459877dfb934c1c31be59c89163",
    "src/addons/XP/VB/_data/member_stats.xml": "89fb2b93ff1eca7a1f6f752248edf6090dfd24037db1446fd18ff7143f08124d",
    "src/addons/XP/VB/_data/navigation.xml": "f07f77eb4d0db6738a8d8be5878001ef3f8d82cd93b387b52d6240446608eb42",
    "src/addons/XP/VB/_data/options.xml": "91562bc9f726264c04febfc1cb3edafc90d26381f71c276b0c461e50dee9852d",
    "src/addons/XP/VB/_data/option_groups.xml": "69fbbbb57bda159b36db614276f0216f93f12dca95414eda1ff6d278702021f2",
    "src/addons/XP/VB/_data/permissions.xml": "13dcaea91924436d9b45cc98e9415957d9021fc392f97c30620ce61ae63fcd64",
    "src/addons/XP/VB/_data/permission_interface_groups.xml": "7fb9dd59cb9fb3ad793c6578e1e5ad68331ac654c5da408ea83529505a136145",
    "src/addons/XP/VB/_data/phrases.xml": "8bc92eadc132b909f334bc187bd1c3cb62f1afff702386c9bb36ba146487c6f4",
    "src/addons/XP/VB/_data/routes.xml": "b6d1c067ca12880f92f42ebd1fe2f685187120545e8c14c4759ed14ead6e8e86",
    "src/addons/XP/VB/_data/style_properties.xml": "b2bcb68134e2cb3b9fd7688e985a915db798aaff6e5a03c56b40ee556d41be6b",
    "src/addons/XP/VB/_data/style_property_groups.xml": "fe605c7dc23f0d49f9edc56fb5af4b631f1843573f328421aeed60699f3ae370",
    "src/addons/XP/VB/_data/templates.xml": "71e10dd526102d02850543af9cdc3208c50c0ede67908b4f431cbf61b97a0a63",
    "src/addons/XP/VB/_data/template_modifications.xml": "3a9b9b65e1f38712d88a57dbc4646cdae0dfcf938fe046f51135c43dc0d89e7c",
    "src/addons/XP/VB/_data/widget_definitions.xml": "37e46965256430f24004c2e7f08ba08f9b0d1cbcc4d70e84b3f4e3ffb713e64b",
    "src/addons/XP/VB/_data/widget_positions.xml": "a29cee66134f6bc5d75ed9df1eef21096c24401915c5b5c774389c3d7bb2d5b3"
}